{
 "y1": 37.5029,
 "x1": -122.31899,
 "y2": 37.4968,
 "x2": -122.30214
}
