{
"x1": -121.973869,
"y1": 37.405358,
"x2": -121.968, 
"y2": 37.391
}
